Workbook

Sheet Foglio1
A1: SCENARIO 011 | B1: SP1 | E1: SP2 | H1: SP3 | K1: SP4 | N1: SP5
B2: 0-shot | C2: 1-shot | D2: 2-shot | E2: 0-shot | F2: 1-shot | G2: 2-shot | H2: 0-shot | I2: 1-shot | J2: 2-shot | K2: 0-shot | L2: 1-shot | M2: 2-shot | N2: 0-shot | O2: 1-shot | P2: 2-shot
A3: Time required for the generation (Seconds) | B3: 130 | C3: 103 | D3: 79 | E3: 48 | F3: 58 | G3: 70 | H3: 164 | I3: 91 | J3: 87 | K3: 144 | L3: 75 | M3: 95 | N3: 128 | O3: 64 | P3: 53
A4: The name of the Scenario is consistent with the specification? | B4: 2 | C4: 2 | D4: 2 | E4: 0 | F4: 0 | G4: 2 | H4: 0 | I4: 0 | J4: 2 | K4: 0 | L4: 0 | M4: 1 | N4: 1 | O4: 1 | P4: 2
A5: The inputs are syntaticallyt well structured? | B5: 0 | C5: 2 | D5: 2 | E5: 0 | F5: 2 | G5: 2 | H5: 0 | I5: 2 | J5: 2 | K5: 0 | L5: 2 | M5: 2 | N5: 0 | O5: 2 | P5: 2
A6: The input agents are consistent with the specification? | B6: 1 | C6: 1 | D6: 1 | E6: 0 | F6: 1 | G6: 1 | H6: 0 | I6: 0 | J6: 1 | K6: 0 | L6: 0 | M6: 1 | N6: 0 | O6: 1 | P6: 2
A7: The input locations are consistent with the specification? | B7: 1 | C7: 1 | D7: 1 | E7: 0 | F7: 1 | G7: 1 | H7: 0 | I7: 0 | J7: 1 | K7: 0 | L7: 0 | M7: 1 | N7: 0 | O7: 1 | P7: 2
A8: The input recources are consistent with the specification? | B8: 1 | C8: 1 | D8: 0 | E8: 0 | F8: 0 | G8: 1 | H8: 0 | I8: 0 | J8: 0 | K8: 0 | L8: 0 | M8: 0 | N8: 0 | O8: 1 | P8: 2
A9: There is a Sequence for each Agent? | B9: 0 | C9: 2 | D9: 2 | E9: 2 | F9: 2 | G9: 2 | H9: 0 | I9: 2 | J9: 2 | K9: 0 | L9: 0 | M9: 2 | N9: 2 | O9: 2 | P9: 2
A10: There are no additional Sequence? | B10: 0 | C10: 0 | D10: 0 | E10: 2 | F10: 0 | G10: 0 | H10: 0 | I10: 0 | J10: 0 | K10: 2 | L10: 0 | M10: 0 | N10: 2 | O10: 0 | P10: 0
A11: The action used are coherent with the specification? | B11: 1 | C11: 2 | D11: 1 | E11: 2 | F11: 2 | G11: 1 | H11: 0 | I11: 0 | J11: 2 | K11: 0 | L11: 1 | M11: 1 | N11: 1 | O11: 2 | P11: 2
A12: The athomic predicate used are coherent with the specification? | B12: 0 | C12: 0 | D12: 1 | E12: 0 | F12: 0 | G12: 1 | H12: 0 | I12: 0 | J12: 0 | K12: 0 | L12: 0 | M12: 1 | N12: 0 | O12: 0 | P12: 1
A13: The SubSequences are numbered increasingly? | B13: 1 | C13: 2 | D13: 2 | E13: 2 | F13: 2 | G13: 2 | H13: 0 | I13: 2 | J13: 2 | K13: 0 | L13: 2 | M13: 2 | N13: 0 | O13: 2 | P13: 2
A14: The SubSequences have continuation? | B14: 0 | C14: 2 | D14: 2 | E14: 0 | F14: 2 | G14: 2 | H14: 0 | I14: 2 | J14: 2 | K14: 0 | L14: 0 | M14: 2 | N14: 0 | O14: 1 | P14: 2
... A17: No allucinations? (Additional Informations/Subsequence for Locations...) | B17: 0 | C17: 0 | D17: 0 | E17: 2 | F17: 0 | G17: 0 | H17: 1 | I17: 0 | J17: 0 | K17: 0 | L17: 0 | M17: 0 | N17: 0 | O17: 0 | P17: 0
A18: Average Value | B18: =AVERAGE(B4:B17) -> 0.5 | C18: =AVERAGE(C4:C17) -> 1.0714286 | D18: =AVERAGE(D4:D17) -> 1.0714286 | E18: =AVERAGE(E4:E17) -> 0.71428571 | F18: =AVERAGE(F4:F17) -> 0.92857143 | G18: =AVERAGE(G4:G17) -> 1.1428571 | H18: =AVERAGE(H4:H17) -> 0.071428571 | I18: =AVERAGE(I4:I17) -> 0.64285714 | ... P18: =AVERAGE(P4:P17) -> 1.4285714
A19: Overall evaluation (0 - 5) | B19: 0 | C19: 1 | D19: 1 | E19: 0 | F19: 1 | G19: 0 | H19: 0 | I19: 0 | J19: 2 | K19: 0 | L19: 0 | M19: 0 | N19: 0 | O19: 0 | P19: 2

Sheet Foglio2
A1: SCENARIO 029 | B1: SP1 | E1: SP2 | H1: SP3 | K1: SP4 | N1: SP5
B2: 0-shot | C2: 1-shot | D2: 2-shot | E2: 0-shot | F2: 1-shot | G2: 2-shot | H2: 0-shot | I2: 1-shot | J2: 2-shot | K2: 0-shot | L2: 1-shot | M2: 2-shot | N2: 0-shot | O2: 1-shot | P2: 2-shot
A3: Time required for the generation (Seconds) | B3: 48 | C3: 21 | D3: 20 | E3: 13 | F3: 12 | G3: 15 | H3: 59 | I3: 28 | J3: 43 | K3: 55 | L3: 33 | M3: 24 | N3: 31 | O3: 19 | P3: 16
A4: The name of the Scenario is consistent with the specification? | B4: 2 | C4: 0 | D4: 2 | E4: 0 | F4: 0 | G4: 2 | H4: 0 | I4: 0 | J4: 2 | K4: 0 | L4: 0 | M4: 1 | N4: 2 | O4: 0 | P4: 2
A5: The inputs are syntaticallyt well structured? | B5: 0 | C5: 2 | D5: 2 | E5: 0 | F5: 0 | G5: 2 | H5: 0 | I5: 1 | J5: 2 | K5: 0 | L5: 2 | M5: 2 | N5: 0 | O5: 2 | P5: 2
A6: The input agents are consistent with the specification? | B6: 0 | C6: 0 | D6: 1 | E6: 0 | F6: 0 | G6: 1 | H6: 0 | I6: 0 | J6: 1 | K6: 0 | L6: 0 | M6: 1 | N6: 0 | O6: 0 | P6: 1
A7: The input locations are consistent with the specification? | B7: 0 | C7: 0 | D7: 2 | E7: 0 | F7: 0 | G7: 2 | H7: 0 | I7: 0 | J7: 1 | K7: 0 | L7: 0 | M7: 2 | N7: 0 | O7: 0 | P7: 1
A8: The input recources are consistent with the specification? | B8: 0 | C8: 0 | D8: 1 | E8: 0 | F8: 0 | G8: 1 | H8: 0 | I8: 2 | J8: 1 | K8: 0 | L8: 0 | M8: 1 | N8: 0 | O8: 1 | P8: 1
A9: There is a Sequence for each Agent? | B9: 0 | C9: 2 | D9: 2 | E9: 0 | F9: 2 | G9: 2 | H9: 0 | I9: 1 | J9: 2 | K9: 0 | L9: 2 | M9: 2 | N9: 0 | O9: 2 | P9: 2
A10: There are no additional Sequence? | B10: 2 | C10: 0 | D10: 0 | E10: 0 | F10: 2 | G10: 0 | H10: 2 | I10: 0 | J10: 0 | K10: 2 | L10: 0 | M10: 0 | N10: 0 | O10: 0 | P10: 2
A11: The action used are coherent with the specification? | B11: 1 | C11: 1 | D11: 2 | E11: 1 | F11: 0 | G11: 2 | H11: 0 | I11: 1 | J11: 2 | K11: 0 | L11: 0 | M11: 0 | N11: 0 | O11: 1 | P11: 1
A12: The athomic predicate used are coherent with the specification? | B12: 0 | C12: 0 | D12: 1 | E12: 0 | F12: 0 | G12: 2 | H12: 0 | I12: 0 | J12: 0 | K12: 0 | L12: 0 | M12: 0 | N12: 0 | O12: 0 | P12: 0
A13: The SubSequences are numbered increasingly? | B13: 2 | C13: 2 | D13: 2 | E13: 2 | F13: 2 | G13: 2 | H13: 0 | I13: 2 | J13: 2 | K13: 0 | L13: 2 | M13: 2 | N13: 0 | O13: 2 | P13: 2
A14: The SubSequences have continuation? | B14: 0 | C14: 2 | D14: 1 | E14: 1 | F14: 2 | G14: 2 | H14: 0 | I14: 0 | J14: 1 | K14: 0 | L14: 2 | M14: 2 | N14: 0 | O14: 2 | P14: 2
... A17: No allucinations? (Additional Informations/Subsequence for Locations...) | B17: 0 | C17: 0 | D17: 0 | E17: 0 | F17: 0 | G17: 1 | H17: 0 | I17: 0 | J17: 0 | K17: 0 | L17: 0 | M17: 0 | N17: 0 | O17: 0 | P17: 2
A18: Average Value | B18: =AVERAGE(B4:B17) -> 0.5 | C18: =AVERAGE(C4:C17) -> 0.71428571 | D18: =AVERAGE(D4:D17) -> 1.2857143 | E18: =AVERAGE(E4:E17) -> 0.28571429 | F18: =AVERAGE(F4:F17) -> 0.71428571 | G18: =AVERAGE(G4:G17) -> 1.4285714 | H18: =AVERAGE(H4:H17) -> 0.14285714 | I18: =AVERAGE(I4:I17) -> 0.57142857 | ... P18: =AVERAGE(P4:P17) -> 1.4285714
A19: Overall evaluation (0 - 5) | B19: 0 | C19: 0 | D19: 1 | E19: 0 | F19: 0 | G19: 2 | H19: 0 | I19: 0 | J19: 1 | K19: 0 | L19: 0 | M19: 0 | N19: 0 | O19: 1 | P19: 2

Sheet Foglio3
A1: SCENARIO 06 | B1: SP1 | E1: SP2 | H1: SP3 | K1: SP4 | N1: SP5
B2: 0-shot | C2: 1-shot | D2: 2-shot | E2: 0-shot | F2: 1-shot | G2: 2-shot | H2: 0-shot | I2: 1-shot | J2: 2-shot | K2: 0-shot | L2: 1-shot | M2: 2-shot | N2: 0-shot | O2: 1-shot | P2: 2-shot
A3: Time required for the generation (Seconds) | B3: 26 | C3: 14 | D3: 16 | E3: 20 | F3: 6 | G3: 14 | H3: 65 | I3: 28 | J3: 19 | K3: 55 | L3: 46 | M3: 18 | N3: 13 | O3: 13 | P3: 15
A4: The name of the Scenario is consistent with the specification? | B4: 2 | C4: 2 | D4: 2 | E4: 2 | F4: 2 | G4: 2 | H4: 0 | I4: 2 | J4: 2 | K4: 0 | L4: 2 | M4: 2 | N4: 2 | O4: 2 | P4: 2
A5: The inputs are syntaticallyt well structured? | B5: 0 | C5: 2 | D5: 2 | E5: 0 | F5: 2 | G5: 2 | H5: 0 | I5: 2 | J5: 2 | K5: 0 | L5: 2 | M5: 2 | N5: 0 | O5: 1 | P5: 2
A6: The input agents are consistent with the specification? | B6: 0 | C6: 1 | D6: 2 | E6: 0 | F6: 2 | G6: 2 | H6: 0 | I6: 1 | J6: 2 | K6: 0 | L6: 1 | M6: 2 | N6: 0 | O6: 1 | P6: 2
A7: The input locations are consistent with the specification? | B7: 0 | C7: 1 | D7: 2 | E7: 0 | F7: 1 | G7: 1 | H7: 0 | I7: 1 | J7: 2 | K7: 0 | L7: 1 | M7: 2 | N7: 0 | O7: 1 | P7: 1
A8: The input recources are consistent with the specification? | B8: 0 | C8: 0 | D8: 2 | E8: 0 | F8: 1 | G8: 2 | H8: 0 | I8: 1 | J8: 1 | K8: 0 | L8: 1 | M8: 1 | N8: 0 | O8: 1 | P8: 1
A9: There is a Sequence for each Agent? | B9: 0 | C9: 2 | D9: 2 | E9: 1 | F9: 0 | G9: 2 | H9: 0 | I9: 2 | J9: 2 | K9: 0 | L9: 2 | M9: 0 | N9: 0 | O9: 2 | P9: 2
A10: There are no additional Sequence? | B10: 0 | C10: 0 | D10: 0 | E10: 0 | F10: 2 | G10: 2 | H10: 0 | I10: 0 | J10: 0 | K10: 0 | L10: 0 | M10: 2 | N10: 0 | O10: 2 | P10: 2
A11: The action used are coherent with the specification? | B11: 1 | C11: 1 | D11: 1 | E11: 1 | F11: 0 | G11: 2 | H11: 0 | I11: 1 | J11: 2 | K11: 0 | L11: 1 | M11: 1 | N11: 1 | O11: 2 | P11: 1
A12: The athomic predicate used are coherent with the specification? | B12: 1 | C12: 0 | D12: 1 | E12: 0 | F12: 0 | G12: 1 | H12: 0 | I12: 0 | J12: 0 | K12: 0 | L12: 0 | M12: 2 | N12: 0 | O12: 0 | P12: 0
A13: The SubSequences are numbered increasingly? | B13: 0 | C13: 2 | D13: 1 | E13: 0 | F13: 2 | G13: 2 | H13: 0 | I13: 2 | J13: 2 | K13: 0 | L13: 2 | M13: 2 | N13: 0 | O13: 2 | P13: 2
A14: The SubSequences have continuation? | B14: 0 | C14: 2 | D14: 2 | E14: 0 | F14: 0 | G14: 2 | H14: 0 | I14: 2 | J14: 2 | K14: 0 | L14: 2 | M14: 2 | N14: 0 | O14: 2 | P14: 2
... A17: No allucinations? (Additional Informations/Subsequence for Locations...) | B17: 0 | C17: 0 | D17: 0 | E17: 0 | F17: 2 | G17: 2 | H17: 0 | I17: 0 | J17: 0 | K17: 0 | L17: 0 | M17: 2 | N17: 0 | O17: 2 | P17: 2
A18: Average Value | B18: =AVERAGE(B4:B17) -> 0.28571429 | C18: =AVERAGE(C4:C17) -> 0.92857143 | D18: =AVERAGE(D4:D17) -> 1.2857143 | E18: =AVERAGE(E4:E17) -> 0.28571429 | F18: =AVERAGE(F4:F17) -> 1.0714286 | G18: =AVERAGE(G4:G17) -> 1.7142857 | H18: =AVERAGE(H4:H17) -> 0 | I18: =AVERAGE(I4:I17) -> 1 | ... P18: =AVERAGE(P4:P17) -> 1.5
A19: Overall evaluation (0 - 5) | B19: 0 | C19: 1 | D19: 1 | E19: 0 | F19: 0 | G19: 2 | H19: 0 | I19: 0 | J19: 2 | K19: 0 | L19: 0 | M19: 2 | N19: 0 | O19: 1 | P19: 2

Sheet Foglio4
A1: SCENARIO 16 | B1: SP1 | E1: SP2 | H1: SP3 | K1: SP4 | N1: SP5
B2: 0-shot | C2: 1-shot | D2: 2-shot | E2: 0-shot | F2: 1-shot | G2: 2-shot | H2: 0-shot | I2: 1-shot | J2: 2-shot | K2: 0-shot | L2: 1-shot | M2: 2-shot | N2: 0-shot | O2: 1-shot | P2: 2-shot
A3: Time required for the generation (Seconds) | B3: 21 | C3: 27 | D3: 20 | E3: 31 | F3: 38 | G3: 35 | H3: 56 | I3: 25 | J3: 15 | K3: 65 | L3: 42 | M3: 60 | N3: 65 | O3: 39 | P3: 14
A4: The name of the Scenario is consistent with the specification? | B4: 0 | C4: 0 | D4: 2 | E4: 0 | F4: 0 | G4: 2 | H4: 0 | I4: 0 | J4: 2 | K4: 0 | L4: 0 | M4: 0 | N4: 2 | O4: 0 | P4: 2
A5: The inputs are syntaticallyt well structured? | B5: 0 | C5: 2 | D5: 2 | E5: 0 | F5: 2 | G5: 2 | H5: 0 | I5: 2 | J5: 2 | K5: 0 | L5: 2 | M5: 2 | N5: 0 | O5: 2 | P5: 2
A6: The input agents are consistent with the specification? | B6: 1 | C6: 2 | D6: 2 | E6: 0 | F6: 2 | G6: 1 | H6: 0 | I6: 2 | J6: 1 | K6: 0 | L6: 2 | M6: 1 | N6: 0 | O6: 2 | P6: 1
A7: The input locations are consistent with the specification? | B7: 1 | C7: 1 | D7: 2 | E7: 0 | F7: 1 | G7: 2 | H7: 0 | I7: 1 | J7: 2 | K7: 0 | L7: 1 | M7: 2 | N7: 0 | O7: 1 | P7: 2
A8: The input recources are consistent with the specification? | B8: 0 | C8: 0 | D8: 1 | E8: 0 | F8: 0 | G8: 1 | H8: 0 | I8: 0 | J8: 2 | K8: 0 | L8: 0 | M8: 2 | N8: 0 | O8: 0 | P8: 2
A9: There is a Sequence for each Agent? | B9: 0 | C9: 2 | D9: 2 | E9: 0 | F9: 2 | G9: 2 | H9: 0 | I9: 2 | J9: 2 | K9: 0 | L9: 2 | M9: 2 | N9: 0 | O9: 2 | P9: 2
A10: There are no additional Sequence? | B10: 0 | C10: 2 | D10: 2 | E10: 0 | F10: 2 | G10: 0 | H10: 0 | I10: 2 | J10: 0 | K10: 0 | L10: 0 | M10: 0 | N10: 0 | O10: 0 | P10: 0
A11: The action used are coherent with the specification? | B11: 2 | C11: 0 | D11: 2 | E11: 1 | F11: 1 | G11: 2 | H11: 0 | I11: 1 | J11: 2 | K11: 1 | L11: 1 | M11: 1 | N11: 1 | O11: 1 | P11: 0
A12: The athomic predicate used are coherent with the specification? | B12: 0 | C12: 0 | D12: 0 | E12: 0 | F12: 0 | G12: 0 | H12: 0 | I12: 0 | J12: 0 | K12: 0 | L12: 0 | M12: 1 | N12: 0 | O12: 0 | P12: 0
A13: The SubSequences are numbered increasingly? | B13: 0 | C13: 2 | D13: 2 | E13: 1 | F13: 2 | G13: 2 | H13: 0 | I13: 2 | J13: 2 | K13: 0 | L13: 1 | M13: 2 | N13: 0 | O13: 2 | P13: 2
A14: The SubSequences have continuation? | B14: 0 | C14: 2 | D14: 2 | E14: 0 | F14: 2 | G14: 2 | H14: 0 | I14: 2 | J14: 0 | K14: 0 | L14: 0 | M14: 2 | N14: 0 | O14: 2 | P14: 2
... A17: No allucinations? (Additional Informations/Subsequence for Locations...) | B17: 0 | C17: 0 | D17: 2 | E17: 0 | F17: 0 | G17: 0 | H17: 0 | I17: 0 | J17: 2 | K17: 0 | L17: 0 | M17: 0 | N17: 0 | O17: 0 | P17: 2
A18: Average Value | B18: =AVERAGE(B4:B17) -> 0.28571429 | C18: =AVERAGE(C4:C17) -> 1 | D18: =AVERAGE(D4:D17) -> 1.6428571 | E18: =AVERAGE(E4:E17) -> 0.14285714 | F18: =AVERAGE(F4:F17) -> 1 | G18: =AVERAGE(G4:G17) -> 1.1428571 | H18: =AVERAGE(H4:H17) -> 0 | I18: =AVERAGE(I4:I17) -> 1.0714286 | ... P18: =AVERAGE(P4:P17) -> 1.3571429
A19: Overall evaluation (0 - 5) | B19: 1 | C19: 0 | D19: 2 | E19: 0 | F19: 0 | G19: 0 | H19: 0 | I19: 0 | J19: 2 | K19: 0 | L19: 1 | M19: 1 | N19: 0 | O19: 0 | P19: 1

Sheet Foglio5
A1: Average Score of Scenarios 6 - 11 - 16 - 29 | B1: SP1 | E1: SP2 | H1: SP3 | K1: SP4 | N1: SP5
B2: 0-shot | C2: 1-shot | D2: 2-shot | E2: 0-shot | F2: 1-shot | G2: 2-shot | H2: 0-shot | I2: 1-shot | J2: 2-shot | K2: 0-shot | L2: 1-shot | M2: 2-shot | N2: 0-shot | O2: 1-shot | P2: 2-shot
A3: Time required for the generation (Seconds) | B3: =AVERAGE(Foglio1!B3,Foglio2!B3,Foglio3!B3,Foglio4!B3) -> 56.25 | C3: =AVERAGE(Foglio1!C3,Foglio2!C3,Foglio3!C3,Foglio4!C3) -> 41.25 | D3: =AVERAGE(Foglio1!D3,Foglio2!D3,Foglio3!D3,Foglio4!D3) -> 33.75 | E3: =AVERAGE(Foglio1!E3,Foglio2!E3,Foglio3!E3,Foglio4!E3) -> 28 | F3: =AVERAGE(Foglio1!F3,Foglio2!F3,Foglio3!F3,Foglio4!F3) -> 28.5 | G3: =AVERAGE(Foglio1!G3,Foglio2!G3,Foglio3!G3,Foglio4!G3) -> 33.5 | H3: =AVERAGE(Foglio1!H3,Foglio2!H3,Foglio3!H3,Foglio4!H3) -> 86 | I3: =AVERAGE(Foglio1!I3,Foglio2!I3,Foglio3!I3,Foglio4!I3) -> 43 | ... P3: =AVERAGE(Foglio1!P3,Foglio2!P3,Foglio3!P3,Foglio4!P3) -> 24.5
A4: The name of the Scenario is consistent with the specification? | B4: =AVERAGE(Foglio1!B4,Foglio2!B4,Foglio3!B4,Foglio4!B4) -> 1.5 | C4: =AVERAGE(Foglio1!C4,Foglio2!C4,Foglio3!C4,Foglio4!C4) -> 1 | D4: =AVERAGE(Foglio1!D4,Foglio2!D4,Foglio3!D4,Foglio4!D4) -> 2 | E4: =AVERAGE(Foglio1!E4,Foglio2!E4,Foglio3!E4,Foglio4!E4) -> 0.5 | F4: =AVERAGE(Foglio1!F4,Foglio2!F4,Foglio3!F4,Foglio4!F4) -> 0.5 | G4: =AVERAGE(Foglio1!G4,Foglio2!G4,Foglio3!G4,Foglio4!G4) -> 2 | H4: =AVERAGE(Foglio1!H4,Foglio2!H4,Foglio3!H4,Foglio4!H4) -> 0 | I4: =AVERAGE(Foglio1!I4,Foglio2!I4,Foglio3!I4,Foglio4!I4) -> 0.5 | ... P4: =AVERAGE(Foglio1!P4,Foglio2!P4,Foglio3!P4,Foglio4!P4) -> 2
A5: The inputs are syntaticallyt well structured? | B5: =AVERAGE(Foglio1!B5,Foglio2!B5,Foglio3!B5,Foglio4!B5) -> 0 | C5: =AVERAGE(Foglio1!C5,Foglio2!C5,Foglio3!C5,Foglio4!C5) -> 2 | D5: =AVERAGE(Foglio1!D5,Foglio2!D5,Foglio3!D5,Foglio4!D5) -> 2 | E5: =AVERAGE(Foglio1!E5,Foglio2!E5,Foglio3!E5,Foglio4!E5) -> 0 | F5: =AVERAGE(Foglio1!F5,Foglio2!F5,Foglio3!F5,Foglio4!F5) -> 1.5 | G5: =AVERAGE(Foglio1!G5,Foglio2!G5,Foglio3!G5,Foglio4!G5) -> 2 | H5: =AVERAGE(Foglio1!H5,Foglio2!H5,Foglio3!H5,Foglio4!H5) -> 0 | I5: =AVERAGE(Foglio1!I5,Foglio2!I5,Foglio3!I5,Foglio4!I5) -> 1.75 | ... P5: =AVERAGE(Foglio1!P5,Foglio2!P5,Foglio3!P5,Foglio4!P5) -> 2
A6: The input agents are consistent with the specification? | B6: =AVERAGE(Foglio1!B6,Foglio2!B6,Foglio3!B6,Foglio4!B6) -> 0.5 | C6: =AVERAGE(Foglio1!C6,Foglio2!C6,Foglio3!C6,Foglio4!C6) -> 1 | D6: =AVERAGE(Foglio1!D6,Foglio2!D6,Foglio3!D6,Foglio4!D6) -> 1.5 | E6: =AVERAGE(Foglio1!E6,Foglio2!E6,Foglio3!E6,Foglio4!E6) -> 0 | F6: =AVERAGE(Foglio1!F6,Foglio2!F6,Foglio3!F6,Foglio4!F6) -> 1.25 | G6: =AVERAGE(Foglio1!G6,Foglio2!G6,Foglio3!G6,Foglio4!G6) -> 1.25 | H6: =AVERAGE(Foglio1!H6,Foglio2!H6,Foglio3!H6,Foglio4!H6) -> 0 | I6: =AVERAGE(Foglio1!I6,Foglio2!I6,Foglio3!I6,Foglio4!I6) -> 0.75 | ... P6: =AVERAGE(Foglio1!P6,Foglio2!P6,Foglio3!P6,Foglio4!P6) -> 1.5
A7: The input locations are consistent with the specification? | B7: =AVERAGE(Foglio1!B7,Foglio2!B7,Foglio3!B7,Foglio4!B7) -> 0.5 | C7: =AVERAGE(Foglio1!C7,Foglio2!C7,Foglio3!C7,Foglio4!C7) -> 0.75 | D7: =AVERAGE(Foglio1!D7,Foglio2!D7,Foglio3!D7,Foglio4!D7) -> 1.75 | E7: =AVERAGE(Foglio1!E7,Foglio2!E7,Foglio3!E7,Foglio4!E7) -> 0 | F7: =AVERAGE(Foglio1!F7,Foglio2!F7,Foglio3!F7,Foglio4!F7) -> 0.75 | G7: =AVERAGE(Foglio1!G7,Foglio2!G7,Foglio3!G7,Foglio4!G7) -> 1.5 | H7: =AVERAGE(Foglio1!H7,Foglio2!H7,Foglio3!H7,Foglio4!H7) -> 0 | I7: =AVERAGE(Foglio1!I7,Foglio2!I7,Foglio3!I7,Foglio4!I7) -> 0.5 | ... P7: =AVERAGE(Foglio1!P7,Foglio2!P7,Foglio3!P7,Foglio4!P7) -> 1.5
A8: The input recources are consistent with the specification? | B8: =AVERAGE(Foglio1!B8,Foglio2!B8,Foglio3!B8,Foglio4!B8) -> 0.25 | C8: =AVERAGE(Foglio1!C8,Foglio2!C8,Foglio3!C8,Foglio4!C8) -> 0.25 | D8: =AVERAGE(Foglio1!D8,Foglio2!D8,Foglio3!D8,Foglio4!D8) -> 1 | E8: =AVERAGE(Foglio1!E8,Foglio2!E8,Foglio3!E8,Foglio4!E8) -> 0 | F8: =AVERAGE(Foglio1!F8,Foglio2!F8,Foglio3!F8,Foglio4!F8) -> 0.25 | G8: =AVERAGE(Foglio1!G8,Foglio2!G8,Foglio3!G8,Foglio4!G8) -> 1.25 | H8: =AVERAGE(Foglio1!H8,Foglio2!H8,Foglio3!H8,Foglio4!H8) -> 0 | I8: =AVERAGE(Foglio1!I8,Foglio2!I8,Foglio3!I8,Foglio4!I8) -> 0.75 | ... P8: =AVERAGE(Foglio1!P8,Foglio2!P8,Foglio3!P8,Foglio4!P8) -> 1.5
A9: There is a Sequence for each Agent? | B9: =AVERAGE(Foglio1!B9,Foglio2!B9,Foglio3!B9,Foglio4!B9) -> 0 | C9: =AVERAGE(Foglio1!C9,Foglio2!C9,Foglio3!C9,Foglio4!C9) -> 2 | D9: =AVERAGE(Foglio1!D9,Foglio2!D9,Foglio3!D9,Foglio4!D9) -> 2 | E9: =AVERAGE(Foglio1!E9,Foglio2!E9,Foglio3!E9,Foglio4!E9) -> 0.75 | F9: =AVERAGE(Foglio1!F9,Foglio2!F9,Foglio3!F9,Foglio4!F9) -> 1.5 | G9: =AVERAGE(Foglio1!G9,Foglio2!G9,Foglio3!G9,Foglio4!G9) -> 2 | H9: =AVERAGE(Foglio1!H9,Foglio2!H9,Foglio3!H9,Foglio4!H9) -> 0 | I9: =AVERAGE(Foglio1!I9,Foglio2!I9,Foglio3!I9,Foglio4!I9) -> 1.75 | ... P9: =AVERAGE(Foglio1!P9,Foglio2!P9,Foglio3!P9,Foglio4!P9) -> 2
A10: There are no additional Sequence? | B10: =AVERAGE(Foglio1!B10,Foglio2!B10,Foglio3!B10,Foglio4!B10) -> 0.5 | C10: =AVERAGE(Foglio1!C10,Foglio2!C10,Foglio3!C10,Foglio4!C10) -> 0.5 | D10: =AVERAGE(Foglio1!D10,Foglio2!D10,Foglio3!D10,Foglio4!D10) -> 0.5 | E10: =AVERAGE(Foglio1!E10,Foglio2!E10,Foglio3!E10,Foglio4!E10) -> 0.5 | F10: =AVERAGE(Foglio1!F10,Foglio2!F10,Foglio3!F10,Foglio4!F10) -> 1.5 | G10: =AVERAGE(Foglio1!G10,Foglio2!G10,Foglio3!G10,Foglio4!G10) -> 0.5 | H10: =AVERAGE(Foglio1!H10,Foglio2!H10,Foglio3!H10,Foglio4!H10) -> 0.5 | I10: =AVERAGE(Foglio1!I10,Foglio2!I10,Foglio3!I10,Foglio4!I10) -> 0.5 | ... P10: =AVERAGE(Foglio1!P10,Foglio2!P10,Foglio3!P10,Foglio4!P10) -> 1
A11: The action used are coherent with the specification? | B11: =AVERAGE(Foglio1!B11,Foglio2!B11,Foglio3!B11,Foglio4!B11) -> 1.25 | C11: =AVERAGE(Foglio1!C11,Foglio2!C11,Foglio3!C11,Foglio4!C11) -> 1 | D11: =AVERAGE(Foglio1!D11,Foglio2!D11,Foglio3!D11,Foglio4!D11) -> 1.5 | E11: =AVERAGE(Foglio1!E11,Foglio2!E11,Foglio3!E11,Foglio4!E11) -> 1.25 | F11: =AVERAGE(Foglio1!F11,Foglio2!F11,Foglio3!F11,Foglio4!F11) -> 0.75 | G11: =AVERAGE(Foglio1!G11,Foglio2!G11,Foglio3!G11,Foglio4!G11) -> 1.75 | H11: =AVERAGE(Foglio1!H11,Foglio2!H11,Foglio3!H11,Foglio4!H11) -> 0 | I11: =AVERAGE(Foglio1!I11,Foglio2!I11,Foglio3!I11,Foglio4!I11) -> 0.75 | ... P11: =AVERAGE(Foglio1!P11,Foglio2!P11,Foglio3!P11,Foglio4!P11) -> 1
A12: The athomic predicate used are coherent with the specification? | B12: =AVERAGE(Foglio1!B12,Foglio2!B12,Foglio3!B12,Foglio4!B12) -> 0.25 | C12: =AVERAGE(Foglio1!C12,Foglio2!C12,Foglio3!C12,Foglio4!C12) -> 0 | D12: =AVERAGE(Foglio1!D12,Foglio2!D12,Foglio3!D12,Foglio4!D12) -> 0.75 | E12: =AVERAGE(Foglio1!E12,Foglio2!E12,Foglio3!E12,Foglio4!E12) -> 0 | F12: =AVERAGE(Foglio1!F12,Foglio2!F12,Foglio3!F12,Foglio4!F12) -> 0 | G12: =AVERAGE(Foglio1!G12,Foglio2!G12,Foglio3!G12,Foglio4!G12) -> 1 | H12: =AVERAGE(Foglio1!H12,Foglio2!H12,Foglio3!H12,Foglio4!H12) -> 0 | I12: =AVERAGE(Foglio1!I12,Foglio2!I12,Foglio3!I12,Foglio4!I12) -> 0 | ... P12: =AVERAGE(Foglio1!P12,Foglio2!P12,Foglio3!P12,Foglio4!P12) -> 0.25
A13: The SubSequences are numbered increasingly? | B13: =AVERAGE(Foglio1!B13,Foglio2!B13,Foglio3!B13,Foglio4!B13) -> 0.75 | C13: =AVERAGE(Foglio1!C13,Foglio2!C13,Foglio3!C13,Foglio4!C13) -> 2 | D13: =AVERAGE(Foglio1!D13,Foglio2!D13,Foglio3!D13,Foglio4!D13) -> 1.75 | E13: =AVERAGE(Foglio1!E13,Foglio2!E13,Foglio3!E13,Foglio4!E13) -> 1.25 | F13: =AVERAGE(Foglio1!F13,Foglio2!F13,Foglio3!F13,Foglio4!F13) -> 2 | G13: =AVERAGE(Foglio1!G13,Foglio2!G13,Foglio3!G13,Foglio4!G13) -> 2 | H13: =AVERAGE(Foglio1!H13,Foglio2!H13,Foglio3!H13,Foglio4!H13) -> 0 | I13: =AVERAGE(Foglio1!I13,Foglio2!I13,Foglio3!I13,Foglio4!I13) -> 2 | ... P13: =AVERAGE(Foglio1!P13,Foglio2!P13,Foglio3!P13,Foglio4!P13) -> 2
A14: The SubSequences have continuation? | B14: =AVERAGE(Foglio1!B14,Foglio2!B14,Foglio3!B14,Foglio4!B14) -> 0 | C14: =AVERAGE(Foglio1!C14,Foglio2!C14,Foglio3!C14,Foglio4!C14) -> 2 | D14: =AVERAGE(Foglio1!D14,Foglio2!D14,Foglio3!D14,Foglio4!D14) -> 1.75 | E14: =AVERAGE(Foglio1!E14,Foglio2!E14,Foglio3!E14,Foglio4!E14) -> 0.25 | F14: =AVERAGE(Foglio1!F14,Foglio2!F14,Foglio3!F14,Foglio4!F14) -> 1.5 | G14: =AVERAGE(Foglio1!G14,Foglio2!G14,Foglio3!G14,Foglio4!G14) -> 2 | H14: =AVERAGE(Foglio1!H14,Foglio2!H14,Foglio3!H14,Foglio4!H14) -> 0 | I14: =AVERAGE(Foglio1!I14,Foglio2!I14,Foglio3!I14,Foglio4!I14) -> 1.5 | ... P14: =AVERAGE(Foglio1!P14,Foglio2!P14,Foglio3!P14,Foglio4!P14) -> 2
... A19: Overall evaluation (0 - 5) | B19: =AVERAGE(Foglio1!B19,Foglio2!B19,Foglio3!B19,Foglio4!B19) -> 0.25 | C19: =AVERAGE(Foglio1!C19,Foglio2!C19,Foglio3!C19,Foglio4!C19) -> 0.5 | D19: =AVERAGE(Foglio1!D19,Foglio2!D19,Foglio3!D19,Foglio4!D19) -> 1.25 | E19: =AVERAGE(Foglio1!E19,Foglio2!E19,Foglio3!E19,Foglio4!E19) -> 0 | F19: =AVERAGE(Foglio1!F19,Foglio2!F19,Foglio3!F19,Foglio4!F19) -> 0.25 | G19: =AVERAGE(Foglio1!G19,Foglio2!G19,Foglio3!G19,Foglio4!G19) -> 1 | H19: =AVERAGE(Foglio1!H19,Foglio2!H19,Foglio3!H19,Foglio4!H19) -> 0 | I19: =AVERAGE(Foglio1!I19,Foglio2!I19,Foglio3!I19,Foglio4!I19) -> 0 | ... P19: =AVERAGE(Foglio1!P19,Foglio2!P19,Foglio3!P19,Foglio4!P19) -> 1.75
